<?xml version="1.0" encoding="UTF-8"?>
<entity-mappings xmlns="http://xmlns.jcp.org/xml/ns/persistence/orm"
	xmlns:xsi="http://www.w3.org/2001/XMLSchema-instance"
	xsi:schemaLocation="http://xmlns.jcp.org/xml/ns/persistence/orm http://xmlns.jcp.org/xml/ns/persistence/orm_2_1.xsd"
	version="2.1">
	
	<named-native-query name="Vendas.totalPorMes" result-set-mapping="totalPorMesMapping">
		<query>
			select date_format(data_criacao, '%Y/%m') mes
				 , count(*) total
  			from venda
  			where data_criacao > DATE_SUB(NOW(), INTERVAL 6 MONTH)
  			  and status = 'EMITIDA'
			group by date_format(data_criacao, '%Y/%m')   
			order by date_format(data_criacao, '%Y/%m') desc
	    </query>
	</named-native-query>
	
	<sql-result-set-mapping name="totalPorMesMapping">
		<constructor-result target-class="br.com.adminfo.dto.VendasMes">
			<column name="mes" class="java.lang.String"/>
			<column name="total" class="java.lang.Integer"/>
		</constructor-result>
	</sql-result-set-mapping>
	
</entity-mappings>